Name,Brand Link,Affiliate Link
Nature Made,https://www.couponbirds.com/codes/naturemade.com,https://naturemade.com/affiliate/123456
Canva Pro,https://www.couponbirds.com/codes/canva.com,https://partner.canva.com/c/123456/canva-pro
Notion,https://www.couponbirds.com/codes/notion.so,https://affiliate.notion.so/123456
Figma,https://www.couponbirds.com/codes/figma.com,https://figma.com/affiliate/123456
Adobe Creative Cloud,https://www.couponbirds.com/codes/adobe.com,https://adobe.com/affiliate/123456
Grammarly,https://www.couponbirds.com/codes/grammarly.com,https://grammarly.com/affiliate/123456
Slack,https://www.couponbirds.com/codes/slack.com,https://slack.com/affiliate/123456
Zoom,https://www.couponbirds.com/codes/zoom.us,https://zoom.us/affiliate/123456
Dropbox,https://www.couponbirds.com/codes/dropbox.com,https://dropbox.com/affiliate/123456
Trello,https://www.couponbirds.com/codes/trello.com,https://trello.com/affiliate/123456
Asana,https://www.couponbirds.com/codes/asana.com,https://asana.com/affiliate/123456
Monday.com,https://www.couponbirds.com/codes/monday.com,https://monday.com/affiliate/123456
Mailchimp,https://www.couponbirds.com/codes/mailchimp.com,https://mailchimp.com/affiliate/123456
HubSpot,https://www.couponbirds.com/codes/hubspot.com,https://hubspot.com/affiliate/123456
Salesforce,https://www.couponbirds.com/codes/salesforce.com,https://salesforce.com/affiliate/123456
Shopify,https://www.couponbirds.com/codes/shopify.com,https://shopify.com/affiliate/123456
Squarespace,https://www.couponbirds.com/codes/squarespace.com,https://squarespace.com/affiliate/123456
Wix,https://www.couponbirds.com/codes/wix.com,https://wix.com/affiliate/123456
WordPress.com,https://www.couponbirds.com/codes/wordpress.com,https://wordpress.com/affiliate/123456
GitHub,https://www.couponbirds.com/codes/github.com,https://github.com/affiliate/123456
GitLab,https://www.couponbirds.com/codes/gitlab.com,https://gitlab.com/affiliate/123456
